,City,Country,Lat,Lng,Max Temp,Humidity,Cloudiness,Wind Speed,Current Description
0,Yeppoon,AU,-23.1333,150.7333,87.58,59,15,11.68,few clouds
1,Pavilosta,LV,56.8879,21.1859,37.31,74,91,15.41,overcast clouds
2,Rikitea,PF,-23.1203,-134.9692,77.63,69,100,10.8,overcast clouds
3,Ushuaia,AR,-54.8,-68.3,38.86,93,75,14.97,moderate rain
4,Preobrazheniye,RU,42.9019,133.9064,27.73,72,100,4.21,overcast clouds
5,Darnah,LY,32.767,22.6367,57.15,67,73,15.68,broken clouds
6,Syedove,UA,47.0768,38.156,32.0,71,98,18.25,overcast clouds
7,Lagoa,PT,39.05,-27.9833,55.47,63,53,22.21,broken clouds
8,Punta Arenas,CL,-53.15,-70.9167,42.91,87,75,21.85,light rain
9,Barrow,US,71.2906,-156.7887,-14.78,76,100,5.75,haze
10,Pecos,US,31.4229,-103.4932,47.3,27,0,8.05,clear sky
11,Lerwick,GB,60.1545,-1.1494,44.6,84,100,25.43,overcast clouds
12,Manicore,BR,-5.8092,-61.3003,73.18,97,96,2.39,light rain
13,Hermanus,ZA,-34.4187,19.2345,68.9,90,8,10.09,clear sky
14,Hithadhoo,MV,-0.6,73.0833,83.03,73,93,14.54,overcast clouds
15,Carutapera,BR,-1.195,-46.02,76.46,90,32,4.65,scattered clouds
16,Cotonou,BJ,6.3654,2.4183,79.68,85,69,9.37,broken clouds
17,Kapaa,US,22.0752,-159.319,79.48,75,40,1.99,scattered clouds
18,Bredasdorp,ZA,-34.5322,20.0403,62.28,87,0,3.47,clear sky
19,Tarko-Sale,RU,64.9225,77.785,7.57,93,100,16.15,overcast clouds
20,Yellowknife,CA,62.456,-114.3525,-4.59,96,100,6.35,overcast clouds
21,Morehead,US,37.2711,-87.1764,38.1,72,0,9.22,clear sky
22,Balykshi,KZ,47.0667,51.8667,24.8,86,75,13.42,mist
23,Arraial Do Cabo,BR,-22.9661,-42.0278,75.88,88,99,10.56,overcast clouds
24,Hilo,US,19.7297,-155.09,75.4,88,100,8.05,overcast clouds
25,Mar Del Plata,AR,-38.0023,-57.5575,75.22,83,75,11.5,thunderstorm with light rain
26,Husavik,IS,66.0449,-17.3389,23.59,94,100,7.92,light snow
27,Sioux Lookout,CA,50.1001,-91.917,15.53,78,100,15.26,overcast clouds
28,College,US,64.8569,-147.8028,6.75,83,75,3.44,broken clouds
29,Saint-Denis,FR,48.9167,2.3333,32.27,94,100,3.0,mist
30,Sorland,NO,67.667,12.6934,42.82,93,100,33.44,light rain
31,Usak,TR,38.5,29.4167,25.54,66,0,5.57,clear sky
32,Vaini,TO,-21.2,-175.2,80.56,72,45,4.52,scattered clouds
33,Cape Town,ZA,-33.9258,18.4232,69.12,82,32,6.2,scattered clouds
34,Provideniya,RU,64.3833,-173.3,-9.74,92,32,5.59,scattered clouds
35,Viedma,AR,-40.8135,-62.9967,71.6,61,100,9.6,overcast clouds
36,Souillac,MU,-20.5167,57.5167,77.36,88,40,3.44,scattered clouds
37,Muros,ES,42.7762,-9.0603,48.7,88,93,8.66,overcast clouds
38,Ahipara,NZ,-35.1667,173.1667,73.89,53,3,11.86,clear sky
39,Mataura,NZ,-46.1927,168.8643,83.34,29,3,1.68,clear sky
40,Tiksi,RU,71.6872,128.8694,-24.36,99,38,6.22,scattered clouds
41,Zuenoula,CI,7.4292,-6.0431,76.14,23,99,0.25,overcast clouds
42,Pacifica,US,37.6138,-122.4869,61.3,61,75,1.01,broken clouds
43,Anadyr,RU,64.75,177.4833,-19.7,76,35,6.71,scattered clouds
44,Pravia,ES,43.4906,-6.1508,43.09,57,0,10.36,clear sky
45,Torbay,CA,47.6666,-52.7314,30.58,85,100,35.68,overcast clouds
46,Manzanillo,CU,20.3433,-77.1167,69.26,73,0,8.84,clear sky
47,Upernavik,GL,72.7868,-56.1549,-7.01,69,47,6.89,scattered clouds
48,Severo-Kurilsk,RU,50.6789,156.125,27.73,71,99,9.62,overcast clouds
49,Margate,GB,51.3813,1.3862,42.69,84,100,1.99,overcast clouds
50,Samarai,PG,-10.6167,150.6667,84.42,68,54,4.85,broken clouds
51,Dikson,RU,73.5069,80.5464,7.54,90,100,25.14,overcast clouds
52,Lorengau,PG,-2.0226,147.2712,84.29,73,100,8.57,overcast clouds
53,Port Alfred,ZA,-33.5906,26.891,74.91,75,100,15.66,overcast clouds
54,Oistins,BB,13.0667,-59.5333,78.89,83,75,17.27,broken clouds
55,Bluff,NZ,-46.6,168.3333,65.41,64,0,10.51,clear sky
56,New Norfolk,AU,-42.7826,147.0587,77.9,39,4,1.99,clear sky
57,Busselton,AU,-33.65,115.3333,72.09,40,0,8.28,clear sky
58,Te Anau,NZ,-45.4167,167.7167,77.45,37,3,4.54,clear sky
59,Soyo,AO,-6.1349,12.3689,76.68,88,84,6.8,broken clouds
60,Hobart,AU,-42.8794,147.3294,78.26,59,20,1.01,few clouds
61,Andenes,NO,69.3143,16.1194,39.18,75,75,24.16,broken clouds
62,Wattegama,LK,6.7989,81.4808,74.89,86,38,5.06,scattered clouds
63,Castro,BR,-24.7911,-50.0119,64.81,98,100,3.42,overcast clouds
64,Bodden Town,KY,19.2833,-81.25,77.0,72,20,4.0,few clouds
65,Bangassou,CF,4.7413,22.8184,70.95,75,100,2.55,overcast clouds
66,Agirish,RU,61.9247,63.0231,8.19,96,100,3.49,light snow
67,Cherskiy,RU,68.75,161.3,-35.12,97,61,2.73,broken clouds
68,Idil,TR,37.3411,41.8895,33.31,97,100,5.77,snow
69,Mancio Lima,BR,-7.6142,-72.8958,71.64,95,92,1.72,overcast clouds
70,Yopal,CO,5.3378,-72.3959,77.31,49,100,4.38,overcast clouds
71,Bourail,NC,-21.5667,165.4833,79.84,71,89,4.0,overcast clouds
72,Laguna,US,38.421,-121.4238,57.24,92,0,0.0,mist
73,Avarua,CK,-21.2078,-159.775,84.25,79,100,5.75,overcast clouds
74,Alofi,NU,-19.0595,-169.9187,82.0,70,52,8.57,broken clouds
75,Ancud,CL,-41.8697,-73.8203,53.42,83,90,8.34,overcast clouds
76,Arlit,NE,18.7369,7.3853,57.81,29,0,6.91,clear sky
77,Sangar,RU,63.9242,127.4739,-46.79,100,70,1.05,broken clouds
78,Jamestown,US,42.097,-79.2353,9.3,41,2,4.0,clear sky
79,Nikolskoye,RU,59.7035,30.7861,21.09,96,88,4.7,overcast clouds
80,Cabo San Lucas,MX,22.8909,-109.9124,77.5,61,20,3.44,few clouds
81,Butaritari,KI,3.0707,172.7902,81.77,80,100,19.57,light rain
82,Pinega,RU,64.7001,43.3936,4.62,97,31,5.01,scattered clouds
83,Kruisfontein,ZA,-34.0033,24.7314,64.89,85,88,8.1,overcast clouds
84,Bambous Virieux,MU,-20.3428,57.7575,77.22,88,40,3.44,scattered clouds
85,Vostok,RU,46.4856,135.8833,14.04,93,100,1.61,light snow
86,Verkhnevilyuysk,RU,63.4453,120.3167,-47.09,100,74,0.47,broken clouds
87,Kodiak,US,57.79,-152.4072,27.91,69,0,3.44,clear sky
88,Lebu,CL,-37.6167,-73.65,57.54,75,0,18.7,clear sky
89,Vila Velha,BR,-20.3297,-40.2925,78.75,89,75,0.0,broken clouds
90,Chino Valley,US,34.7575,-112.4538,50.36,40,85,5.19,overcast clouds
91,Muskegon,US,43.3,-86.1334,14.22,67,0,5.75,clear sky
92,Mehamn,NO,71.0357,27.8492,24.42,90,88,11.97,light snow
93,Olafsvik,IS,64.8945,-23.7142,32.63,72,100,20.29,light snow
94,Albany,US,42.6001,-73.9662,3.81,62,0,4.36,clear sky
95,Inhambane,MZ,-23.865,35.3833,75.54,81,54,8.05,broken clouds
96,East London,ZA,-33.0153,27.9116,72.64,79,100,10.6,overcast clouds
97,Puerto Ayora,EC,-0.7393,-90.3518,71.96,88,70,5.44,broken clouds
98,Saskylakh,RU,71.9167,114.0833,-23.28,93,78,11.05,broken clouds
99,San Quintin,MX,30.4833,-115.95,63.68,64,90,5.35,overcast clouds
100,Nanortalik,GL,60.1432,-45.2371,31.5,96,100,24.47,snow
101,Carnarvon,AU,-24.8667,113.6333,80.67,54,0,23.02,clear sky
102,Northallerton,GB,54.339,-1.4324,42.93,86,100,6.71,overcast clouds
103,Cambridge,CA,43.3601,-80.3127,8.82,66,1,1.01,clear sky
104,Quatre Cocos,MU,-20.2078,57.7625,77.09,82,50,4.59,scattered clouds
105,Saint George,US,37.1041,-113.5841,51.35,49,0,3.0,clear sky
106,San Jose,US,37.3394,-121.895,61.45,62,75,0.0,broken clouds
107,Kutum,SD,14.2,24.6667,60.62,31,3,6.98,clear sky
108,Mitchell,US,43.7094,-98.0298,17.58,72,0,14.0,clear sky
109,Ulaangom,MN,49.9811,92.0667,-16.22,98,89,2.37,overcast clouds
110,Kieta,PG,-6.2167,155.6333,84.54,77,100,7.7,moderate rain
111,Tasiilaq,GL,65.6145,-37.6368,14.16,61,100,5.77,overcast clouds
112,Takapau,NZ,-40.0333,176.35,75.18,39,6,10.56,clear sky
113,Talaya,RU,61.3833,152.75,-30.24,97,49,0.36,scattered clouds
114,Ilulissat,GL,69.2167,-51.1,1.42,46,4,2.3,clear sky
115,Sault Sainte Marie,CA,46.5168,-84.3333,6.89,74,0,4.61,haze
116,Belmonte,BR,-15.8631,-38.8828,79.3,83,0,4.54,clear sky
117,Georgetown,MY,5.4112,100.3354,82.33,72,20,9.22,few clouds
118,Thinadhoo,MV,0.5333,72.9333,82.65,74,96,14.38,overcast clouds
119,Kahului,US,20.8947,-156.47,80.62,67,40,9.22,scattered clouds
120,Buala,SB,-8.145,159.5921,84.33,75,100,6.69,light rain
121,Longyearbyen,SJ,78.2186,15.6401,4.84,92,100,9.22,light snow
122,Kaitangata,NZ,-46.2817,169.8464,69.93,73,1,8.5,clear sky
123,Zambezi,ZM,-13.5432,23.1047,63.18,71,100,2.28,overcast clouds
124,Geraldton,AU,-28.7667,114.6,81.12,53,0,19.57,clear sky
125,Flin Flon,CA,54.7682,-101.865,26.47,94,100,8.75,overcast clouds
126,Atuona,PF,-9.8,-139.0333,78.4,75,100,14.32,light rain
127,Touros,BR,-5.1989,-35.4608,76.1,77,100,7.65,overcast clouds
128,La Ronge,CA,55.1001,-105.2842,30.45,86,100,13.8,overcast clouds
129,Mayo,US,38.8876,-76.5119,24.35,46,0,7.0,clear sky
130,Chulman,RU,56.8479,124.9104,-35.59,100,100,1.7,overcast clouds
131,Narsaq,GL,60.9167,-46.05,34.02,97,100,13.27,snow
132,Myshkin,RU,57.7897,38.4545,18.7,92,100,10.96,light snow
133,Thompson,CA,55.7435,-97.8558,17.6,91,100,11.88,light snow
134,Pevek,RU,69.7008,170.3133,-31.13,97,51,6.69,broken clouds
135,Newport,GB,51.5877,-2.9984,44.76,93,98,5.17,overcast clouds
136,Kaeo,NZ,-35.1,173.7833,74.32,57,0,15.1,clear sky
137,Plouzane,FR,48.3833,-4.6167,44.65,100,20,11.5,few clouds
138,Gao,ML,16.6362,1.637,62.49,12,100,8.43,overcast clouds
139,Seoul,KR,37.5683,126.9778,34.56,38,0,10.8,clear sky
140,Chabahar,IR,25.2919,60.643,69.04,67,100,11.61,overcast clouds
141,Ribeira Grande,PT,38.5167,-28.7,56.73,63,57,22.53,broken clouds
142,Hamilton,US,39.1834,-84.5333,27.45,65,0,1.01,clear sky
143,Aklavik,CA,68.2191,-135.0107,-33.77,100,97,3.22,overcast clouds
144,Normandin,CA,48.8333,-72.5321,-14.49,69,9,4.61,clear sky
145,Lulea,SE,65.5842,22.1547,33.87,80,20,4.61,few clouds
146,Bay Roberts,CA,47.5999,-53.2648,31.33,82,100,21.99,overcast clouds
147,Khandyga,RU,62.6667,135.6,-28.8,100,99,1.12,overcast clouds
148,Oksfjord,NO,70.2396,22.3479,27.52,93,100,1.95,overcast clouds
149,Bartica,GY,6.4,-58.6167,75.52,99,59,2.26,broken clouds
150,Qaanaaq,GL,77.484,-69.3632,-8.54,70,90,4.16,overcast clouds
151,Tuktoyaktuk,CA,69.4541,-133.0374,-33.86,99,25,4.54,scattered clouds
152,Lavrentiya,RU,65.5833,-171.0,-13.25,90,98,6.73,overcast clouds
153,Meulaboh,ID,4.1363,96.1285,79.47,82,20,3.47,few clouds
154,Bokoro,TD,12.3807,17.0568,66.33,23,33,8.59,scattered clouds
155,Star,US,43.6921,-116.4935,35.82,84,100,0.0,overcast clouds
156,Kangaatsiaq,GL,68.3065,-53.4641,-2.81,93,87,7.92,overcast clouds
157,Nyimba,ZM,-14.5566,30.8149,64.96,98,100,1.41,overcast clouds
158,Barra Patuca,HN,15.8,-84.2833,75.22,83,8,10.29,clear sky
159,Kamiiso,JP,41.8167,140.65,35.98,64,75,6.91,broken clouds
160,Kaduqli,SD,11.0167,29.7167,72.63,27,91,7.38,overcast clouds
161,Maarianhamina,AX,60.0973,19.9348,30.06,86,0,6.91,clear sky
162,Constitucion,CL,-35.3333,-72.4167,56.73,87,0,13.09,clear sky
163,Talnakh,RU,69.4865,88.3972,11.21,76,94,10.65,overcast clouds
164,Pulaski,US,34.7668,-92.3001,37.71,91,100,11.01,mist
165,Rurrenabaque,BO,-14.4413,-67.5278,72.9,94,95,2.33,overcast clouds
166,La Sarre,CA,48.8002,-79.1996,-8.55,90,71,9.24,broken clouds
167,Bom Jesus,BR,-9.0744,-44.3586,72.23,75,100,1.28,overcast clouds
168,Meiganga,CM,6.5167,14.3,65.77,26,100,4.0,overcast clouds
169,Namatanai,PG,-3.6667,152.4333,84.88,69,99,5.57,light rain
170,Malia,GR,35.2833,25.4667,51.82,57,7,19.51,clear sky
171,Isangel,VU,-19.55,169.2667,82.51,78,20,11.5,few clouds
172,Norman Wells,CA,65.282,-126.8329,-9.36,70,75,5.75,light snow
173,Cidreira,BR,-30.1811,-50.2056,78.33,77,96,5.91,light rain
174,Maxixe,MZ,-23.8597,35.3472,74.41,84,51,6.8,broken clouds
175,Oranjemund,NA,-28.55,16.4333,67.44,86,0,2.95,clear sky
176,Chuy,UY,-33.6971,-53.4616,74.16,91,44,7.65,moderate rain
177,Qiongshan,CN,20.0058,110.3542,73.38,88,75,8.95,broken clouds
178,Ossora,RU,59.2353,163.0719,-3.26,91,15,6.08,few clouds
179,Zima,RU,53.9202,102.0442,-13.86,99,13,3.94,few clouds
180,Abejorral,CO,5.7893,-75.4273,56.23,93,100,3.56,overcast clouds
181,Kyzyl-Suu,KG,42.3414,78.0056,29.37,58,90,7.92,overcast clouds
182,Makinsk,KZ,52.6292,70.4169,18.21,95,100,11.03,overcast clouds
183,Griffith,US,41.5284,-87.4237,24.73,75,0,4.61,clear sky
184,Bendigo,AU,-36.7667,144.2833,86.65,27,0,4.0,clear sky
185,Fuling,CN,29.7022,107.3919,48.31,76,100,2.37,moderate rain
186,Vanderhoof,CA,54.0166,-124.0198,25.68,95,91,3.06,overcast clouds
187,Waingapu,ID,-9.6567,120.2641,85.44,71,99,15.79,overcast clouds
188,Los Andes,CL,-32.8337,-70.5983,68.58,73,8,2.24,clear sky
189,Gien,FR,47.6933,2.6309,28.54,78,0,6.6,clear sky
190,Shingu,JP,33.7333,135.9833,52.79,34,6,3.09,clear sky
191,Moron,AR,-34.6534,-58.6198,77.02,83,75,13.8,thunderstorm with rain
192,Alexandria,EG,31.2156,29.9553,58.57,66,94,15.08,overcast clouds
193,Ambilobe,MG,-13.2,49.05,74.53,93,12,2.73,few clouds
194,Cururupu,BR,-1.8283,-44.8683,74.75,93,14,2.68,few clouds
195,Hwange,ZW,-18.3693,26.5019,66.42,97,96,3.15,light rain
196,Sainte-Maxime,FR,43.3,6.6333,48.54,50,0,4.63,clear sky
197,Flinders,AU,-34.5833,150.8552,84.79,79,78,5.99,broken clouds
198,Fairbanks,US,64.8378,-147.7164,6.76,83,100,0.0,overcast clouds
199,Kiunga,PG,-6.1219,141.2906,78.84,82,99,3.49,overcast clouds
200,Bubaque,GW,11.2833,-15.8333,77.67,73,61,15.37,broken clouds
201,Pisco,PE,-13.7,-76.2167,71.65,78,75,9.22,broken clouds
202,Horki,BY,54.2861,30.9842,27.21,91,100,12.24,overcast clouds
203,Esperance,AU,-33.8667,121.9,70.21,63,1,13.35,clear sky
204,Lima,PE,-12.0432,-77.0282,72.14,83,75,6.91,broken clouds
205,Karratha,AU,-20.7377,116.8463,94.01,37,1,5.95,clear sky
206,Dingle,PH,10.9995,122.6711,79.39,74,88,18.41,overcast clouds
207,Sibu,MY,2.3,111.8167,82.71,83,40,2.3,scattered clouds
208,Pokhara,NP,28.2333,83.9833,49.77,31,37,4.45,scattered clouds
209,Ndago,TZ,-4.6,34.35,61.88,94,100,1.07,light rain
210,Camapua,BR,-19.5314,-54.0439,79.25,65,100,1.79,overcast clouds
211,Eydhafushi,MV,5.1033,73.0708,82.22,73,100,13.15,overcast clouds
212,Ciudad Guayana,VE,8.3533,-62.6528,78.53,88,48,6.22,scattered clouds
213,Kouroussa,GN,10.65,-9.8833,76.68,24,97,5.57,overcast clouds
214,Kerema,PG,-7.9631,145.7785,84.06,71,25,8.79,scattered clouds
215,Endicott,US,42.0984,-76.0494,4.35,75,0,1.01,clear sky
216,Natal,BR,-5.795,-35.2094,75.85,100,40,3.44,scattered clouds
217,Paamiut,GL,61.994,-49.6678,26.26,94,100,9.95,light snow
218,Santa Cruz,BO,-17.8,-63.1667,76.46,83,20,10.36,few clouds
219,Glendive,US,47.1053,-104.7125,39.18,73,0,4.61,clear sky
220,Bahia Blanca,AR,-38.7196,-62.2724,77.83,45,100,8.28,overcast clouds
221,Khatanga,RU,71.9667,102.5,-18.63,95,16,5.06,few clouds
222,Komsomolskiy,UZ,40.4272,71.7189,40.42,55,59,6.91,broken clouds
223,Saint-Pierre,RE,-21.3393,55.4781,78.48,79,0,5.75,clear sky
224,Billings,US,45.7833,-108.5007,42.57,50,75,17.27,broken clouds
225,Port Hardy,CA,50.6996,-127.4199,46.76,100,75,2.3,broken clouds
226,Sitka,US,57.0531,-135.33,42.69,81,100,5.75,overcast clouds
227,Eureka,US,40.8021,-124.1637,49.57,87,34,3.13,scattered clouds
228,Mount Gambier,AU,-37.8333,140.7667,83.68,32,0,6.51,clear sky
229,Saint-Georges,GD,12.0564,-61.7485,78.48,83,20,14.97,few clouds
230,Katsuura,JP,35.1333,140.3,46.44,58,9,1.28,clear sky
231,Rocha,UY,-34.4833,-54.3333,72.48,93,84,6.98,moderate rain
232,Guerrero Negro,MX,27.9769,-114.0611,67.6,53,10,7.9,clear sky
233,Saint-Philippe,RE,-21.3585,55.7679,78.39,80,100,5.61,overcast clouds
234,Roald,NO,62.5833,6.1333,44.74,76,100,26.46,overcast clouds
235,Zambrow,PL,52.9855,22.2432,30.56,81,100,6.64,overcast clouds
236,Humberto De Campos,BR,-2.5983,-43.4611,75.47,90,99,3.58,overcast clouds
237,Lakes Entrance,AU,-37.8811,147.981,75.16,61,7,7.14,clear sky
238,Barsovo,RU,61.1667,73.1667,10.53,95,100,11.21,overcast clouds
239,Tete,MZ,-16.1564,33.5867,75.29,100,75,0.0,broken clouds
240,Gornopravdinsk,RU,60.05,69.9,11.46,92,96,10.31,overcast clouds
241,Babai,IN,22.7,77.9333,50.65,82,0,6.6,clear sky
242,Sao Jose Da Coroa Grande,BR,-8.8978,-35.1478,77.49,82,63,6.06,broken clouds
243,Krasnoshchekovo,RU,51.6708,82.7289,20.88,95,100,4.41,overcast clouds
244,Muswellbrook,AU,-32.2667,150.9,91.33,46,12,4.38,few clouds
245,Leshukonskoye,RU,64.8989,45.7622,0.55,100,56,4.07,broken clouds
246,Ust-Tsilma,RU,65.441,52.1498,1.31,99,99,2.06,overcast clouds
247,Scarborough,GB,54.2797,-0.4044,42.51,81,100,8.72,overcast clouds
248,Klaksvik,FO,62.2266,-6.589,36.52,67,56,30.36,broken clouds
249,Ambulu,ID,-8.345,113.6058,83.95,68,100,1.23,overcast clouds
250,Gushikawa,JP,26.3544,127.8686,69.39,64,40,13.8,scattered clouds
251,Neyshabur,IR,36.2133,58.7958,40.59,82,3,1.16,clear sky
252,Svetlogorsk,BY,52.6333,29.7333,30.87,76,100,12.48,overcast clouds
253,Salvador,SV,13.8333,-88.9167,69.04,88,10,2.24,clear sky
254,Poum,NC,-20.2333,164.0167,81.55,74,34,18.16,scattered clouds
255,Shumskiy,RU,54.8318,99.1328,-4.04,88,50,4.9,scattered clouds
256,Fortuna,US,40.5982,-124.1573,49.32,86,0,0.0,clear sky
257,Westport,US,41.1415,-73.3579,17.35,49,0,1.99,clear sky
258,Richards Bay,ZA,-28.783,32.0377,70.83,85,100,6.33,overcast clouds
259,Petlawad,IN,23.0,74.8,50.97,75,0,9.62,clear sky
260,Linxi,CN,39.7,118.4333,23.59,25,0,4.68,clear sky
261,Leningradskiy,RU,69.3833,178.4167,-24.32,97,99,6.42,overcast clouds
262,Dolinsk,RU,47.35,142.8,28.26,87,100,4.41,overcast clouds
263,Ninghai,CN,29.2892,121.4247,47.88,89,100,0.51,overcast clouds
264,Codrington,AU,-38.2667,141.9667,80.49,38,0,9.46,clear sky
265,Haines Junction,CA,60.7522,-137.5108,19.35,86,100,2.3,overcast clouds
266,Thohoyandou,ZA,-22.9456,30.485,64.96,86,14,3.27,few clouds
267,Luderitz,NA,-26.6481,15.1594,66.2,86,0,2.33,clear sky
268,Okitipupa,NG,6.5047,4.7839,74.46,98,95,2.48,overcast clouds
269,Airai,TL,-8.9266,125.4092,72.88,65,100,4.5,overcast clouds
270,Lasa,IT,46.6166,10.7002,36.3,55,0,2.86,clear sky
271,Jiwani,PK,25.05,61.7417,69.21,63,58,12.66,broken clouds
272,Havre-Saint-Pierre,CA,50.2334,-63.5986,6.8,60,100,28.77,overcast clouds
273,Faanui,PF,-16.4833,-151.75,78.78,73,100,21.94,light rain
274,Kudahuvadhoo,MV,2.6708,72.8944,81.88,73,100,13.31,overcast clouds
275,Darab,IR,28.7519,54.5444,51.64,98,100,9.08,overcast clouds
276,Belyy Yar,RU,53.6039,91.3903,-0.51,85,40,4.47,mist
277,Polyanka,UA,50.2584,27.6881,28.89,83,100,13.85,overcast clouds
278,Amga,RU,60.8953,131.9608,-20.33,93,100,1.92,overcast clouds
279,Kirksville,US,40.1948,-92.5833,17.55,93,100,3.0,overcast clouds
280,Antofagasta,CL,-23.65,-70.4,67.28,79,2,2.55,clear sky
281,Gazanjyk,TM,39.2446,55.5154,39.11,71,96,3.56,overcast clouds
282,Ararangua,BR,-28.9347,-49.4858,78.85,86,100,4.27,overcast clouds
283,Abnub,EG,27.2696,31.1511,45.16,57,0,6.38,clear sky
284,Susanville,US,40.4163,-120.653,33.66,87,90,3.0,overcast clouds
285,Venado Tuerto,AR,-33.7456,-61.9688,85.77,63,17,7.54,few clouds
286,Boca Do Acre,BR,-8.7522,-67.3978,74.07,96,100,1.68,overcast clouds
287,Antalaha,MG,-14.9003,50.2788,74.75,89,44,3.67,scattered clouds
288,Chokurdakh,RU,70.6333,147.9167,-23.39,96,100,1.48,overcast clouds
289,Nome,US,64.5011,-165.4064,12.27,79,100,4.61,light snow
290,Faya,SA,18.3851,42.4509,53.71,60,3,6.6,clear sky
291,Qasigiannguit,GL,68.8193,-51.1922,1.65,82,3,6.24,clear sky
292,The Valley,AI,18.217,-63.0578,78.1,77,6,11.95,clear sky
293,Port Elizabeth,ZA,-33.918,25.5701,68.09,94,75,16.11,broken clouds
294,Lufilufi,WS,-13.8745,-171.5986,83.98,75,100,15.73,light rain
295,Emba,KZ,48.8264,58.1442,26.65,96,100,16.55,light snow
296,Cairns,AU,-16.9167,145.7667,100.94,68,62,9.22,broken clouds
297,Pangody,RU,65.85,74.4859,7.52,94,100,14.32,overcast clouds
298,Winnemucca,US,40.973,-117.7357,33.85,75,0,0.0,clear sky
299,Camacha,PT,33.0833,-16.3333,61.56,72,20,17.27,few clouds
300,Rosario,AR,-32.9468,-60.6393,89.82,55,20,1.99,few clouds
301,Sorong,ID,-0.8833,131.25,82.47,77,100,4.81,overcast clouds
302,Aktau,KZ,43.65,51.2,37.98,61,89,22.82,overcast clouds
303,Linares,CL,-35.85,-71.6,63.61,58,0,2.21,clear sky
304,Tonantins,BR,-2.8731,-67.8022,74.89,96,100,0.87,overcast clouds
305,Rudbar,AF,30.15,62.6,59.0,64,97,20.0,overcast clouds
306,Abbeville,FR,50.1,1.8333,40.96,77,100,7.78,overcast clouds
307,Serenje,ZM,-13.2325,30.2352,60.94,96,99,1.23,light rain
308,Nanakuli,US,21.3906,-158.1547,82.35,63,100,9.22,overcast clouds
309,Sembe,CG,1.6481,14.5806,70.34,93,78,2.82,broken clouds
310,Ola,RU,59.5833,151.2833,2.79,76,1,8.57,clear sky
311,Ara,IN,25.5667,84.6667,49.89,65,0,5.99,clear sky
312,Vestmanna,FO,62.1564,-7.1664,34.72,69,40,23.02,scattered clouds
313,Leeton,AU,-34.5667,146.4,94.89,25,0,4.54,clear sky
314,Lata,PT,40.1629,-8.3327,52.81,72,100,4.21,overcast clouds
315,Aykhal,RU,66.0,111.5,-27.24,100,99,7.67,overcast clouds
316,Kulob,TJ,37.9145,69.783,56.16,54,100,8.95,overcast clouds
317,Bengkulu,ID,-3.8004,102.2655,82.35,71,60,1.99,broken clouds
318,Phan Thiet,VN,10.9333,108.1,79.97,47,49,7.87,scattered clouds
319,Mae Chan,TH,20.1467,99.8526,65.86,91,100,0.4,overcast clouds
320,Fuyang,CN,32.9,115.8167,43.3,64,89,9.24,overcast clouds
321,Arcachon,FR,44.5875,-1.0519,28.45,100,100,3.44,overcast clouds
322,Riyadh,SA,24.6877,46.7219,57.34,77,5,3.18,clear sky
323,Caravelas,BR,-17.7125,-39.2481,74.34,88,0,2.68,clear sky
324,Kichera,RU,55.9375,110.0997,-8.03,88,64,4.81,broken clouds
325,Yenagoa,NG,4.9247,6.2642,76.51,93,6,2.89,clear sky
326,Kavaratti,IN,10.5669,72.642,79.79,68,100,9.75,overcast clouds
327,Araouane,ML,18.9048,-3.5265,54.12,25,3,11.27,clear sky
328,Madinat Sittah Uktubar,EG,29.8167,31.05,53.2,58,34,9.48,scattered clouds
329,Manadhoo,MV,5.7667,73.3833,81.95,73,98,13.91,overcast clouds
330,Oruro,BO,-17.9833,-67.15,51.13,61,43,7.23,scattered clouds
331,Ures,MX,29.4333,-110.4,72.09,27,100,7.05,overcast clouds
332,Yerbogachen,RU,61.2767,108.0108,-16.44,97,100,2.44,overcast clouds
333,Saldanha,ZA,-33.0117,17.9442,68.05,91,0,5.32,clear sky
334,Zeya,RU,53.75,127.2667,-3.64,66,97,3.91,overcast clouds
335,Bairiki,KI,1.3292,172.9752,86.0,74,75,8.05,broken clouds
336,Arman,RU,59.7,150.1667,1.63,78,0,7.67,clear sky
337,Kendal,GB,54.3268,-2.7476,43.45,89,100,4.0,overcast clouds
338,Praia,CV,14.9215,-23.5087,68.54,73,75,6.91,broken clouds
339,Lokosovo,RU,61.1333,74.8167,10.26,96,100,8.84,overcast clouds
340,Hervey Bay,AU,-25.2986,152.8535,86.11,68,6,8.7,clear sky
341,Harrisburg,US,40.2737,-76.8844,16.81,53,75,1.01,broken clouds
342,Coquimbo,CL,-29.9533,-71.3436,64.13,88,40,5.75,scattered clouds
343,Coihaique,CL,-45.5752,-72.0662,40.95,81,40,6.91,scattered clouds
344,Mafinga,TZ,-7.25,35.0667,65.57,96,100,1.12,light rain
345,Nantucket,US,41.2835,-70.0995,19.96,53,0,16.11,clear sky
346,Srandakan,ID,-7.9386,110.2506,84.16,69,52,5.01,broken clouds
347,Orebro,SE,59.2741,15.2066,39.92,59,100,10.36,mist
348,Mandalgovi,MN,45.7625,106.2708,1.54,72,0,7.7,clear sky
349,Miragoane,HT,18.4423,-73.0876,75.74,76,6,0.76,clear sky
350,Chingirlau,KZ,51.095,54.0814,7.38,95,98,9.51,light snow
351,Olinda,BR,-8.0089,-34.8553,74.93,88,40,4.61,scattered clouds
352,Irtyshskiy,RU,58.3333,68.1333,20.16,92,100,14.14,overcast clouds
353,Jiayuguan,CN,39.8167,98.3,25.03,44,61,2.42,broken clouds
354,Palmer,US,42.1584,-72.3287,9.21,46,0,5.75,clear sky
355,Bulgan,MN,48.8125,103.5347,-4.38,83,2,4.14,clear sky
356,Nazare,BR,-13.035,-39.0144,71.78,92,2,2.39,clear sky
357,Ostrow Mazowiecka,PL,52.8024,21.8951,30.61,79,99,6.29,overcast clouds
358,Taunggyi,MM,20.7833,97.0333,57.45,86,11,1.57,few clouds
359,Sola,VU,-13.8833,167.55,82.02,78,81,12.44,broken clouds
360,Sao Miguel,BR,-5.4667,-35.3667,77.32,75,100,7.99,overcast clouds
361,Sooko,ID,-7.9097,111.6599,81.68,67,48,3.24,scattered clouds
362,Jeremoabo,BR,-10.075,-38.4808,69.55,96,99,6.87,overcast clouds
363,Mareeba,AU,-17.0,145.4333,96.31,67,89,2.17,overcast clouds
364,Palencia,ES,42.4167,-4.5,30.52,83,5,1.52,clear sky
365,Ipixuna,BR,-1.7625,-48.8043,73.35,97,89,2.01,overcast clouds
366,Marsh Harbour,BS,26.5412,-77.0636,69.4,51,0,7.63,clear sky
367,Iqaluit,CA,63.7506,-68.5145,-27.31,74,20,2.3,few clouds
368,Ilebo,CD,-4.3167,20.5833,68.04,98,98,1.97,overcast clouds
369,Kindia,GN,10.0569,-12.8658,70.29,83,99,1.66,overcast clouds
370,Ambam,CM,2.3833,11.2833,70.38,92,100,4.18,overcast clouds
371,Rawson,AR,-43.3002,-65.1023,68.83,46,0,4.09,clear sky
372,Pueblo Nuevo,MX,23.3833,-105.3833,52.45,61,28,7.67,scattered clouds
373,Aswan,EG,24.0934,32.907,49.3,43,0,6.91,clear sky
374,Medea,DZ,36.2642,2.7539,27.05,67,5,2.44,clear sky
375,Rio Gallegos,AR,-51.6226,-69.2181,42.85,81,40,21.85,scattered clouds
376,Grand Forks,US,47.9417,-97.4337,13.93,85,100,23.02,overcast clouds
377,Vynohradove,UA,46.3696,32.9398,31.64,82,90,12.35,overcast clouds
378,Praxedis Guerrero,MX,31.3667,-106.0167,49.55,29,100,0.76,overcast clouds
379,Chapais,CA,49.7834,-74.8492,-22.22,100,27,4.9,scattered clouds
380,Poronaysk,RU,49.2167,143.1167,13.86,87,62,4.05,broken clouds
381,Grand-Santi,GF,4.25,-54.3833,72.14,99,100,2.15,overcast clouds
382,Sao Filipe,CV,14.8961,-24.4956,72.41,70,98,2.35,overcast clouds
383,Uray,RU,60.1247,64.7758,12.42,95,100,6.04,light snow
384,Barcelos,PT,41.5388,-8.6151,50.14,72,83,5.75,broken clouds
385,Rock Springs,US,41.5875,-109.2029,35.04,40,0,4.61,clear sky
386,Brae,GB,60.3964,-1.353,44.51,82,100,25.19,overcast clouds
387,Yarmouth,US,41.7057,-70.2286,18.0,64,0,9.22,clear sky
388,Gidole,ET,5.65,37.3667,62.87,48,81,2.89,broken clouds
389,Ponta Do Sol,PT,32.6667,-17.1,65.03,60,15,15.55,few clouds
390,Hasaki,JP,35.7333,140.8333,50.29,47,33,1.5,scattered clouds
391,Lagdo,CM,9.05,13.7333,71.01,24,89,3.27,overcast clouds
392,Grindavik,IS,63.8424,-22.4338,39.67,81,100,31.07,light rain
393,Romanovka,RU,51.7443,42.7527,22.8,91,100,15.88,overcast clouds
394,Yumen,CN,40.2833,97.2,26.67,40,100,14.61,overcast clouds
395,Nuuk,GL,64.1835,-51.7216,18.21,79,75,19.57,broken clouds
396,Tungor,RU,53.3808,142.9564,5.09,95,88,15.68,overcast clouds
397,San Patricio,US,28.017,-97.5169,57.06,21,0,17.83,clear sky
398,Cervo,ES,43.6702,-7.4101,33.19,68,19,6.67,few clouds
399,Bukavu,CD,-2.5083,28.8608,59.58,90,99,1.81,light rain
400,Damghan,IR,36.1683,54.348,37.58,62,0,5.5,clear sky
401,Necochea,AR,-38.5473,-58.7368,69.04,79,75,10.33,broken clouds
402,Ariogala,LT,55.2667,23.4667,28.98,87,99,7.56,overcast clouds
403,Kelvington,CA,52.1667,-103.5343,29.86,87,46,16.46,scattered clouds
404,Kabo,CF,7.6994,18.629,69.39,23,80,5.19,broken clouds
405,Khor,RU,47.8861,134.9464,6.6,92,100,3.62,overcast clouds
406,San Andres,CO,12.5847,-81.7006,78.82,73,20,8.05,few clouds
407,Moroni,KM,-11.7022,43.2551,80.6,80,86,9.1,overcast clouds
408,Shahreza,IR,32.0339,51.8794,36.03,63,0,9.19,clear sky
409,Aripuana,BR,-9.1667,-60.6333,72.01,98,100,0.89,overcast clouds
410,Dabeiba,CO,7.0017,-76.2672,73.13,97,99,0.94,overcast clouds
411,Charneca De Caparica,PT,38.6206,-9.1915,54.34,83,0,5.75,clear sky
412,Mandiana,GN,10.6333,-8.6833,76.06,25,100,5.1,overcast clouds
413,Ipilan,PH,8.8431,117.9033,81.46,70,76,14.63,broken clouds
414,Tiruchchendur,IN,8.4833,78.1167,77.29,81,100,12.75,overcast clouds
415,Chitral,PK,35.8462,71.7858,33.94,79,100,6.49,overcast clouds
416,Adrar,MR,20.5022,-10.0711,58.21,21,82,12.35,broken clouds
417,El Alto,PE,-4.2714,-81.2147,69.6,81,98,14.63,overcast clouds
418,Diffa,NE,13.3154,12.6113,64.18,20,52,9.04,broken clouds
419,Costa Rica,BR,-23.4167,-54.65,82.13,48,57,3.96,broken clouds
420,Fuerte Olimpo,PY,-21.0415,-57.8738,86.63,49,96,8.84,overcast clouds
421,Salalah,OM,17.0151,54.0924,71.69,64,40,1.14,scattered clouds
422,Gimli,CA,50.6336,-96.9907,15.82,86,100,19.57,overcast clouds
423,Shizunai,JP,42.3339,142.3669,33.67,65,100,5.48,overcast clouds
424,Hami,CN,42.8,93.45,23.72,55,6,5.66,clear sky
425,Kristianstad,SE,56.0313,14.1524,37.78,91,100,4.61,overcast clouds
426,Guayaramerin,BO,-10.8368,-65.3614,76.37,77,49,2.62,scattered clouds
427,Methven,NZ,-43.6333,171.65,68.92,44,1,12.21,clear sky
428,Maple Creek,CA,49.9168,-109.4848,39.61,80,100,4.61,overcast clouds
429,Urusha,RU,54.05,122.9,-12.77,80,50,2.17,scattered clouds
430,General Roca,AR,-39.0333,-67.5833,77.63,12,3,24.87,clear sky
431,Sao Joao Da Barra,BR,-21.6403,-41.0511,75.72,84,100,4.54,overcast clouds
432,Euclides Da Cunha,BR,-10.5075,-39.0158,68.4,95,98,6.62,overcast clouds
433,Turkistan,KZ,43.0,68.0,51.37,64,65,21.14,broken clouds
434,Saint-Francois,FR,46.4154,3.9054,22.68,93,0,2.3,clear sky
435,Jumla,NP,29.2747,82.1838,31.15,21,56,6.78,broken clouds
436,Kavieng,PG,-2.5744,150.7967,83.73,73,98,3.8,light rain
437,Goderich,CA,43.7501,-81.7165,-3.96,71,2,5.75,clear sky
438,Denpasar,ID,-8.65,115.2167,85.71,70,20,2.3,few clouds
439,Sabang,ID,5.8933,95.3214,82.22,73,96,20.09,overcast clouds
440,Srikakulam,IN,18.3,83.9,68.32,85,7,7.27,clear sky
441,Okhotsk,RU,59.3833,143.3,-0.06,75,48,10.65,scattered clouds
442,Klichka,RU,50.4457,117.996,-10.71,89,100,0.78,overcast clouds
443,Victoria,HK,22.2855,114.1577,69.76,83,75,1.99,broken clouds
444,Bafia,CM,4.75,11.2333,69.49,98,65,2.44,broken clouds
445,Kalabo,ZM,-14.97,22.6814,60.94,60,75,2.46,broken clouds
446,Barkhan,PK,29.8977,69.5256,45.9,61,95,1.74,overcast clouds
447,Fasa,IR,28.9383,53.6482,49.24,93,75,20.71,broken clouds
448,Vardo,NO,70.3705,31.1107,25.99,82,98,14.41,overcast clouds
449,Hambantota,LK,6.1241,81.1185,79.14,94,20,8.05,few clouds
450,Berlevag,NO,70.8578,29.0864,21.67,93,75,3.42,light snow
451,Sisimiut,GL,66.9395,-53.6735,4.42,81,31,9.57,scattered clouds
452,Clyde River,CA,70.4692,-68.5914,-25.37,68,0,4.61,clear sky
453,Russell,US,32.3502,-85.1999,48.11,90,100,11.5,moderate rain
454,Hammerfest,NO,70.6634,23.6821,27.05,80,100,4.61,light snow
455,Tilichiki,RU,60.4667,166.1,-16.76,90,5,9.91,clear sky
456,Bathsheba,BB,13.2167,-59.5167,79.41,83,75,17.27,broken clouds
457,Spirit River,CA,55.7833,-118.8361,36.75,65,11,19.48,few clouds
458,Cayenne,GF,4.9333,-52.3333,79.09,87,75,1.01,broken clouds
459,Karla,EE,59.3723,24.9275,33.57,84,0,9.22,clear sky
460,Ketchikan,US,55.3422,-131.6461,42.78,93,100,9.22,moderate rain
461,Chernyshevskiy,RU,63.0128,112.4714,-41.08,100,100,1.32,overcast clouds
462,Picos,BR,-7.0769,-41.4669,75.65,76,100,2.82,overcast clouds
463,Orkney,ZA,-26.9802,26.6727,63.03,90,86,3.74,light rain
464,Sundumbili,ZA,-29.1337,31.3975,73.71,89,100,6.15,overcast clouds
465,Atar,MR,20.5169,-13.0499,68.76,18,100,15.01,overcast clouds
466,Hare Bay,CA,48.8499,-54.0148,31.35,76,100,27.94,overcast clouds
467,Noyabrsk,RU,63.1994,75.4507,9.36,94,100,17.2,overcast clouds
468,Sinnamary,GF,5.3833,-52.95,76.78,89,9,7.76,clear sky
469,Kandrian,PG,-6.2167,149.55,86.38,65,93,12.84,light rain
470,Mogadishu,SO,2.0371,45.3438,77.2,78,23,17.58,few clouds
471,San Cristobal,VE,7.7669,-72.225,71.78,74,44,1.99,scattered clouds
472,Flagstaff,US,35.1981,-111.6513,39.79,56,0,4.61,clear sky
473,Skeldon,GY,5.8833,-57.1333,75.04,94,47,4.9,scattered clouds
474,Janakpur,NP,26.7183,85.9065,50.83,66,0,5.59,clear sky
475,Gerash,IR,27.6652,54.1371,51.94,92,100,7.34,overcast clouds
476,Yar-Sale,RU,66.8333,70.8333,9.54,95,100,10.02,light snow
477,Doka,SD,13.5167,35.7667,72.05,30,5,9.35,clear sky
478,Issenye,TZ,-2.0,34.3333,63.01,96,100,6.31,light rain
479,Cockburn Town,TC,21.4612,-71.1419,76.06,65,0,11.59,clear sky
480,Bereda,ES,43.2686,-7.5406,44.35,96,37,1.3,scattered clouds
481,Beloha,MG,-25.1667,45.05,71.78,89,17,9.28,light rain
482,Ler,SS,8.3018,30.1418,78.82,32,29,5.1,scattered clouds
483,Srednekolymsk,RU,67.45,153.6833,-38.2,98,87,5.82,overcast clouds
484,Grand Gaube,MU,-20.0064,57.6608,78.39,89,82,4.99,broken clouds
485,Ayr,GB,55.4627,-4.6339,45.1,87,75,11.5,broken clouds
486,Shagonar,RU,51.5333,92.8,-12.3,97,85,3.27,overcast clouds
487,Egvekinot,RU,66.3167,-179.1667,-17.34,86,9,14.07,clear sky
488,Banda Aceh,ID,5.5577,95.3222,80.91,79,74,12.68,broken clouds
489,Carupano,VE,10.6678,-63.2585,75.33,90,95,7.09,overcast clouds
490,Sulangan,PH,11.1373,123.7228,78.75,75,81,24.02,broken clouds
491,Tuatapere,NZ,-46.1333,167.6833,74.84,46,20,5.84,few clouds
492,Dunedin,NZ,-45.8742,170.5036,67.41,63,0,15.73,clear sky
493,Katherine,AU,-14.4667,132.2667,91.72,58,68,14.97,broken clouds
494,Araguari,BR,-18.6472,-48.1872,75.49,82,99,3.85,overcast clouds
495,Fort Nelson,CA,58.8053,-122.7002,6.39,85,40,4.61,scattered clouds
496,Balingasay,PH,16.3573,119.8564,77.36,65,51,10.71,broken clouds
497,Gat,IL,31.61,34.7642,54.28,100,95,19.93,overcast clouds
498,Victoria Point,AU,-27.5833,153.3,91.53,66,5,1.99,clear sky
499,Synya,RU,65.3718,58.0387,-8.46,99,81,2.24,broken clouds
500,Cabedelo,BR,-6.9811,-34.8339,75.87,83,95,8.97,overcast clouds
501,Almas,RO,46.2833,22.2333,25.79,95,27,2.39,scattered clouds
502,Redlands,US,34.0556,-117.1825,65.23,34,75,0.0,broken clouds
503,Kozelsk,RU,54.0375,35.7716,28.69,96,98,9.6,light snow
504,Urumqi,CN,43.801,87.6005,5.95,85,20,4.47,mist
505,Gorom-Gorom,BF,14.4439,-0.2361,66.24,13,88,10.49,overcast clouds
506,Pouembout,NC,-21.1333,164.9,82.96,68,63,4.45,broken clouds
507,Mount Darwin,ZW,-16.7725,31.5838,64.92,97,74,1.72,broken clouds
508,Makakilo City,US,21.3469,-158.0858,80.92,67,100,9.22,overcast clouds
509,Kirkland Lake,CA,48.1446,-80.0377,-16.31,76,20,5.82,few clouds
510,Moerai,PF,-22.4333,-151.3333,79.12,84,100,19.89,moderate rain
511,Flic En Flac,MU,-20.2742,57.3631,79.52,84,86,6.13,overcast clouds
512,Markova,UA,48.6758,24.4138,19.69,81,24,5.39,few clouds
513,Daru,PG,-9.0763,143.2092,83.52,75,97,5.28,overcast clouds
514,Pangnirtung,CA,66.1451,-65.7125,-19.43,88,7,4.54,clear sky
515,Nouadhibou,MR,20.931,-17.0347,66.38,63,89,10.83,overcast clouds
516,Maniitsoq,GL,65.4167,-52.9,11.95,66,100,12.53,overcast clouds
517,Banjar,ID,-8.19,114.9675,85.91,71,97,3.69,overcast clouds
518,Yulara,AU,-25.2406,130.9889,78.64,61,100,5.75,overcast clouds
519,Saint-Joseph,RE,-21.3667,55.6167,77.38,79,100,2.46,overcast clouds
520,Gouloure,BF,12.2306,-1.9289,73.13,18,21,11.56,few clouds
521,Collie,AU,-33.3667,116.15,70.99,35,0,7.27,clear sky
522,Horsham,GB,51.064,-0.3272,47.44,78,75,2.3,mist
523,Kailua,US,21.4022,-157.7394,82.38,78,7,4.18,clear sky
524,Rio Grande,BR,-32.035,-52.0986,76.95,81,57,12.17,light rain
525,Batemans Bay,AU,-35.7167,150.1833,85.19,74,98,5.77,overcast clouds
526,Lompoc,US,34.6391,-120.4579,61.57,75,100,0.0,overcast clouds
527,Lhokseumawe,ID,5.1801,97.1507,79.5,79,31,5.93,scattered clouds
528,Henties Bay,NA,-22.116,14.2845,67.86,82,96,3.8,overcast clouds
529,Shieli,KZ,44.1667,66.75,41.76,88,0,12.17,clear sky
530,Bam,IR,29.106,58.357,56.23,64,100,9.75,overcast clouds
531,Cartagena Del Chaira,CO,1.3349,-74.8429,75.11,82,89,4.14,overcast clouds
532,Pampa,US,35.5362,-100.9599,32.95,46,0,6.91,clear sky
533,Urmary,RU,55.6789,47.944,19.38,95,97,8.37,overcast clouds
534,Shihezi,CN,44.3,86.0333,10.42,86,54,4.12,broken clouds
535,Miri,MY,4.4148,114.0089,84.34,74,40,5.75,scattered clouds
536,Druzhba,UA,52.0428,33.9453,27.05,92,99,15.05,overcast clouds
537,Rosetta,EG,31.4044,30.4164,53.42,71,92,19.42,overcast clouds
538,Bambanglipuro,ID,-7.95,110.2833,85.12,66,61,7.27,broken clouds
539,Lazaro Cardenas,MX,17.9583,-102.2,76.41,77,0,0.78,clear sky
540,Namibe,AO,-15.1961,12.1522,67.57,77,99,5.91,overcast clouds
541,Nago,JP,26.5881,127.9761,70.23,70,65,6.67,broken clouds
542,Manado,ID,1.487,124.8455,79.57,89,40,5.75,moderate rain
543,Inirida,CO,3.8653,-67.9239,75.56,80,90,1.21,overcast clouds
544,Huarmey,PE,-10.0681,-78.1522,71.6,83,91,5.88,overcast clouds
545,Gelgaudiskis,LT,55.0792,22.9758,31.21,88,97,7.27,overcast clouds
546,Suamico,US,44.6319,-88.0393,11.39,83,0,3.44,clear sky
547,Los Llanos De Aridane,ES,28.6585,-17.9182,66.13,27,45,5.01,haze
548,Sosva,RU,59.1766,61.8558,5.81,99,98,2.66,overcast clouds
549,Nishihara,JP,26.1842,127.7558,69.46,68,75,9.22,broken clouds
550,Zwedru,LR,6.0667,-8.1281,73.38,93,100,2.62,overcast clouds
551,Orchard Homes,US,46.8633,-114.0484,30.85,89,0,3.0,clear sky
552,Imeni Zhelyabova,RU,58.9544,36.5956,14.04,95,89,6.96,overcast clouds
553,Ilhabela,BR,-23.7781,-45.3581,76.21,91,90,6.67,overcast clouds
554,Port-Cartier,CA,50.0334,-66.8654,0.75,73,17,18.16,few clouds
555,Waddan,LY,29.1614,16.139,48.2,78,77,7.78,broken clouds
556,Calama,CL,-22.4667,-68.9333,61.29,55,75,13.8,broken clouds
557,Ostrovnoy,RU,68.0531,39.5131,12.72,82,100,17.13,overcast clouds
558,Chuzhou,CN,32.3219,118.2978,45.1,58,63,10.51,broken clouds
559,Ucluelet,CA,48.9329,-125.5528,46.09,93,100,2.66,overcast clouds
560,Suicheng,CN,33.8963,117.9331,40.39,50,70,8.34,broken clouds
561,Goundam,ML,16.4145,-3.6708,59.67,20,59,8.72,broken clouds
562,Linjiang,CN,41.8069,126.9078,12.36,71,46,3.11,scattered clouds
563,Bethel,US,41.3712,-73.414,12.99,57,0,1.01,clear sky
564,Bandar,ID,2.05,99.75,83.64,65,14,3.51,few clouds
565,Impfondo,CG,1.6381,18.0667,71.64,87,98,3.04,overcast clouds
566,Walvis Bay,NA,-22.9575,14.5053,68.09,88,100,1.14,overcast clouds
567,Traralgon,AU,-38.1833,146.5333,86.85,28,0,2.77,clear sky
568,Gambela,ET,8.25,34.5833,78.24,41,63,3.33,broken clouds
569,Hidrolandia,BR,-4.4081,-40.4378,73.76,89,100,0.94,overcast clouds
570,Sikonge,TZ,-5.6333,32.7667,63.07,97,100,4.16,light rain
571,Iki-Burul,RU,45.8208,44.6472,30.54,90,100,18.32,snow
572,Kasangulu,CD,-4.5911,15.1708,68.88,98,94,2.48,overcast clouds
573,De-Kastri,RU,51.4667,140.7833,11.16,90,97,4.5,overcast clouds
574,Shuyskoye,RU,59.3736,41.0305,20.37,86,100,10.78,overcast clouds
575,West Bay,KY,19.3667,-81.4167,76.06,72,20,1.99,few clouds
576,Palekh,RU,56.8028,41.8572,19.83,90,100,13.22,light snow
577,Skelleftea,SE,64.7507,20.9528,37.99,61,100,4.0,overcast clouds
578,Port Augusta,AU,-32.5,137.7667,96.71,42,100,18.45,overcast clouds
579,Esso,RU,55.9333,158.7,7.79,97,86,2.33,overcast clouds
580,Severnyy,RU,50.677,36.5532,28.44,74,75,11.18,light snow
581,Killybegs,IE,54.6333,-8.45,44.46,89,100,12.53,overcast clouds
582,Akhmeta,GE,42.0311,45.2075,27.12,67,1,6.11,clear sky
583,Faro,PT,37.0194,-7.9322,53.38,87,0,10.36,clear sky
584,Iaciara,BR,-14.0958,-46.6317,65.17,79,36,1.95,scattered clouds
585,Coolum Beach,AU,-26.5333,153.1,88.34,69,8,12.68,clear sky
586,Barrington,US,41.7407,-71.3087,12.83,44,20,5.01,few clouds
587,Baglan,AF,36.1307,68.7083,54.1,33,100,3.65,overcast clouds
588,Karaj,IR,35.8355,51.0103,34.32,55,40,6.91,haze
589,Hyeres,FR,43.1167,6.1167,45.68,42,0,7.18,clear sky
590,Panlaitan,PH,12.1191,119.8486,81.68,56,78,5.88,broken clouds
591,Tocopilla,CL,-22.092,-70.1979,70.0,77,1,2.35,clear sky
592,Uarini,BR,-2.99,-65.1083,77.52,81,99,2.19,overcast clouds
593,Teya,RU,60.3778,92.6267,3.54,89,68,3.29,broken clouds
594,Berdigestyakh,RU,62.0989,126.6992,-29.94,100,82,1.68,broken clouds
595,Labuhan,ID,-6.8844,112.2051,82.18,77,99,12.75,moderate rain
596,Mahebourg,MU,-20.4081,57.7,79.25,88,40,3.44,scattered clouds
597,Nova Petropolis,BR,-29.3764,-51.1144,77.38,97,100,4.79,overcast clouds
598,Paternion,AT,46.7142,13.6361,37.33,92,29,3.09,scattered clouds
599,Harstad,NO,68.799,16.5293,38.43,100,100,5.99,light snow
600,New Castle,US,41.0037,-80.347,17.44,66,0,4.61,clear sky
601,Avera,US,33.194,-82.5271,46.38,72,100,14.36,overcast clouds
602,Dolzhanskaya,RU,46.6311,37.8039,31.91,67,99,21.99,overcast clouds
603,Kathu,TH,7.9178,98.3332,80.42,69,49,15.88,scattered clouds
604,Konstantinovka,RU,49.6167,127.9833,2.21,91,100,10.13,overcast clouds
605,Marquette,US,46.5333,-87.6335,7.77,65,21,11.65,few clouds
606,Kununurra,AU,-15.7667,128.7333,85.98,79,100,9.22,overcast clouds
607,Kenitra,MA,34.261,-6.5802,47.16,79,1,4.14,clear sky
608,Novikovo,RU,51.1537,37.8879,22.75,91,100,13.67,snow
609,Portland,US,45.5234,-122.6762,43.34,91,20,1.01,few clouds
610,Santa Rosa,PH,14.3122,121.1114,85.08,66,88,18.07,overcast clouds
611,Kagadi,UG,0.9606,30.7967,60.91,92,79,2.46,broken clouds
612,Rawlins,US,41.7911,-107.2387,35.82,40,0,21.85,clear sky
613,Vestmannaeyjar,IS,63.4427,-20.2734,39.38,86,100,29.89,light rain
614,Sungaipenuh,ID,-2.0833,101.3833,76.68,67,82,0.76,broken clouds
615,Jalu,LY,29.0331,21.5482,48.94,73,9,9.01,clear sky
616,Santa Maria,BR,-29.6842,-53.8069,85.3,62,0,11.5,clear sky
617,Maine-Soroa,NE,13.2114,12.0241,61.95,22,78,9.64,broken clouds
618,Saint-Leu,RE,-21.15,55.2833,77.86,78,100,9.6,overcast clouds
619,Najran,SA,17.4924,44.1277,57.85,54,16,6.69,few clouds
620,Bayir,TR,37.2687,28.2167,37.92,51,0,10.42,clear sky
621,Mandera,KE,3.9366,41.867,75.88,70,28,8.5,scattered clouds
622,Houma,US,29.5958,-90.7195,46.4,73,29,15.01,scattered clouds
623,Port Shepstone,ZA,-30.7414,30.455,73.92,87,100,11.36,moderate rain
624,Parana,AR,-31.732,-60.5238,91.42,49,75,23.02,broken clouds
625,Nynashamn,SE,58.9034,17.9479,31.15,95,72,14.52,broken clouds
626,Lucea,JM,18.451,-78.1736,76.86,74,8,4.83,clear sky
627,Bandar-E Anzali,IR,37.4727,49.4622,44.71,96,100,19.01,overcast clouds
628,Novomikhaylovskiy,RU,44.2581,38.8578,33.66,78,94,3.36,overcast clouds
629,Saint-Augustin,CA,51.226,-58.6502,14.04,81,100,34.65,light snow
630,Bembibre,ES,42.6177,-6.4155,35.53,62,24,1.86,few clouds
631,Polunochnoye,RU,60.8697,60.4153,3.34,96,100,4.88,overcast clouds
632,Chimoio,MZ,-19.1164,33.4833,63.55,97,58,3.15,broken clouds
633,Pachelma,RU,53.2443,43.3521,20.8,93,100,14.65,overcast clouds
634,Bac Lieu,VN,9.285,105.7244,82.83,57,49,18.68,scattered clouds
635,Ngunguru,NZ,-35.6167,174.5,75.16,59,5,14.74,clear sky
636,Valparaiso,CL,-33.0393,-71.6273,62.24,82,40,3.44,scattered clouds
637,Malabo,GQ,3.75,8.7833,76.86,94,40,4.61,thunderstorm
638,Tarasovskiy,RU,48.7292,40.3636,24.84,89,98,14.85,snow
639,Tiznit,MA,29.5833,-9.5,49.96,37,0,6.85,clear sky
640,Port Hedland,AU,-20.3167,118.5667,87.85,74,75,12.66,broken clouds
641,Comodoro Rivadavia,AR,-45.8667,-67.5,58.86,23,0,19.57,clear sky
642,Urucui,BR,-7.2294,-44.5561,72.19,95,100,6.04,overcast clouds
643,Silver City,US,32.7701,-108.2803,38.84,53,0,0.0,clear sky
644,Zyryanka,RU,65.75,150.85,-42.81,99,68,3.44,broken clouds
645,Acapulco,MX,16.8634,-99.8901,78.62,78,20,0.0,few clouds
646,Chokwe,MZ,-24.5333,32.9833,69.12,90,17,4.79,few clouds
647,Kasongo-Lunda,CD,-6.4667,16.8167,68.76,98,100,0.81,overcast clouds
648,Cape Coast,GH,5.1053,-1.2466,78.53,88,98,8.46,overcast clouds
649,Ayia Marina,GR,37.75,23.5333,49.41,67,100,19.06,overcast clouds
650,Abu Kamal,SY,34.4506,40.9171,47.8,73,100,10.07,overcast clouds
651,Sao Gabriel Da Cachoeira,BR,-0.1303,-67.0892,73.74,93,77,0.98,broken clouds
652,Santiago,CL,-33.4569,-70.6483,70.99,57,20,14.97,few clouds
653,Honiara,SB,-9.4333,159.95,79.36,88,100,5.53,light rain
654,Tateyama,JP,34.9833,139.8667,52.14,59,2,7.96,clear sky
655,Bonthe,SL,7.5264,-12.505,78.8,81,97,5.19,light rain
656,Petropavlovsk-Kamchatskiy,RU,53.0452,158.6483,23.59,50,75,15.66,broken clouds
657,Harper,LR,4.375,-7.7169,78.51,84,100,5.97,overcast clouds
658,Puerto Del Rosario,ES,28.5004,-13.8627,65.95,39,1,16.11,clear sky
659,Santarem,BR,-2.4431,-54.7083,77.13,100,0,3.44,clear sky
660,Kokopo,PG,-4.352,152.2633,85.62,66,86,11.95,overcast clouds
661,Turayf,SA,31.6725,38.6637,43.05,100,75,13.8,broken clouds
662,Nelson Bay,AU,-32.7167,152.15,83.95,82,85,3.0,overcast clouds
663,Tura,IN,25.5198,90.2201,65.07,52,0,2.91,clear sky
664,Erdenet,MN,49.0333,104.0833,-2.65,86,5,4.7,clear sky
665,Severiano Melo,BR,-5.7772,-37.9578,75.04,88,100,3.87,heavy intensity rain
666,Sokolo,ML,14.7328,-6.1219,67.59,18,77,13.78,broken clouds
667,Korla,CN,41.7597,86.1469,24.13,55,65,4.34,broken clouds
668,Shilovo,RU,54.3204,40.874,26.38,89,100,15.57,snow
669,Guntur,IN,16.3,80.45,71.49,87,10,9.42,clear sky
670,Bria,CF,6.5423,21.9863,74.12,51,100,2.42,overcast clouds
671,Naze,JP,28.3667,129.4833,63.52,64,90,8.77,overcast clouds
672,Batagay,RU,67.6333,134.6333,-33.38,99,100,1.39,overcast clouds
673,Japura,ID,-0.3167,102.35,85.68,61,93,3.76,overcast clouds
674,Half Moon Bay,US,37.4636,-122.4286,60.98,67,0,4.61,clear sky
675,Ahuimanu,US,21.4447,-157.8378,82.11,74,75,8.05,broken clouds
676,Porto-Vecchio,FR,41.591,9.2795,44.13,75,0,7.81,clear sky
677,Asau,RO,46.4333,26.4,26.4,81,23,5.37,few clouds
678,Martinsville,US,36.6915,-79.8725,35.42,64,40,5.75,scattered clouds
679,Sechura,PE,-5.5569,-80.8222,72.79,74,93,11.92,overcast clouds
680,Yoichi,JP,43.2039,140.7703,38.61,65,100,4.41,overcast clouds
681,Bima,ID,-8.4667,118.7167,86.49,72,100,5.28,overcast clouds
682,Vrangel,RU,42.7297,133.0839,26.01,79,100,9.89,light snow
683,Ayan,RU,56.45,138.1667,1.54,74,40,7.58,scattered clouds
684,Chalchihuites,MX,23.4833,-103.8833,43.95,47,9,6.89,clear sky
685,Port Blair,IN,11.6667,92.75,82.38,62,7,11.61,clear sky
686,Pakxan,LA,18.3778,103.6601,83.01,49,2,2.19,clear sky
687,Port Maria,JM,18.3685,-76.8895,76.96,94,13,6.85,few clouds
688,Sobolevo,RU,54.4299,31.8996,26.64,92,100,12.8,overcast clouds
689,Aksu,CN,41.1231,80.2644,24.64,50,37,1.81,scattered clouds
690,Sergeyevka,KZ,53.88,67.4158,26.4,90,100,15.12,overcast clouds
691,Port Moresby,PG,-9.4431,147.1797,89.02,62,40,11.5,scattered clouds
692,Puerto Lempira,HN,15.2667,-83.7667,72.72,91,6,7.29,clear sky
693,Kapit,MY,2.0167,112.9333,81.66,80,100,0.4,overcast clouds
694,San Ignacio,BZ,17.1561,-89.0714,71.74,94,0,0.0,clear sky
695,Toora-Khem,RU,52.4675,96.11,-11.94,91,100,1.68,overcast clouds
696,Lafiagi,NG,8.8667,5.4167,75.07,15,100,3.27,overcast clouds
697,Cangucu,BR,-31.395,-52.6756,72.45,64,23,7.47,few clouds
698,Werda,BW,-25.2667,23.2833,74.17,59,94,9.98,overcast clouds
699,Mansa,IN,29.9833,75.3833,48.51,59,29,5.08,scattered clouds
700,Simav,TR,39.0882,28.9777,24.03,88,18,5.21,few clouds
701,Keffi,NG,8.8486,7.8736,73.78,19,2,4.23,clear sky
702,Meadow Lake,US,34.8014,-106.5436,40.41,50,5,2.08,clear sky
703,Zhanaozen,KZ,43.3,52.8,29.1,79,97,9.4,overcast clouds
704,Ginir,ET,7.1333,40.7,58.12,61,60,2.82,broken clouds
705,Taft,IR,31.7471,54.2088,42.75,87,75,4.61,broken clouds
